1.3796,7.1667,1.2707
5.0651,7.8212,0.98962
0.22535,7.9444,0.86954
0.003169,7.8073,0.78841
0,7.8211,0.70273
0,7.8983,0.56168
0.30704,8.061,0.46451
2.6039,7.697,0.4141
0.0052817,8.0801,0.38021
0,7.969,0.3302
3.4613,7.6162,0.29048
1.0264,8.3495,0.33515
0.041901,8.5251,0.25604
0.1007,7.6869,0.21595
0.37465,5.8418,0.19442
6.4014,7.7383,0.19688
0.36725,7.3954,0.26499
16.93,6.9974,0.33621
0.1088,6.9982,0.37665
10.483,6.1478,0.2847
11.193,5.4273,0.30632
7.5264,5.5896,0.65127
4.6567,4.9886,0.81208
8.925,4.3066,0.66567
9.9803,5.1566,0.6846
15.832,1.8205,0.82352
12.748,6.97,1.7051
3.2739,4.3302,1.6152
15.371,3.5806,1.4096
5.6894,5.3131,1.9764
1.7958,6.0621,1.6582
0.48169,6.4873,1.1494
3.4085,6.712,0.90439
6.2222,7.2725,0.7666
0.026761,7.4231,0.71065
0.0038732,6.7375,0.89494
0,7.715,0.71888
39.415,4.2794,0.59803
0.50458,8.1993,1.4532
0.0059859,8.3412,1.3841
0,8.3983,1.1993
0,8.2252,0.97938
0,8.2779,0.66634
0,8.3562,0.50897
0.00070423,8.4788,0.41526
0,7.9444,0.35006
0.040141,8.0251,0.30377
0.054577,7.9509,0.26961
0.05,7.4445,0.23943
2.444,6.6453,0.2125
5.8056,6.3318,0.19269
5.5345,5.7911,0.20546
8.7859,5.472,0.22883
3.0944,6.2368,0.23552
5.8581,6.4822,0.2752
28.61,6.688,0.35359
19.816,6.9573,1.4508
1.3609,7.2364,3.0791
17.386,6.1178,2.3904
8.5711,5.2543,2.4382
14.056,6.2355,2.7098
22.413,5.2056,4.0236
5.4327,4.5413,4.1361
8.9004,5.5914,2.7581
11.418,5.2246,3.0412
15.339,7.0278,4.7256
0.34261,6.8597,4.3202
10.658,6.6441,3.2865
6.0278,6.6937,2.6348
2.2373,5.529,2.1961
1.387,6.1562,1.8227
4.3961,6.078,1.4568
10.776,4.1908,1.3705
17.934,1.348,1.7785
30.625,1.5674,2.0926
15.146,4.0799,4.9962
3.2373,3.5914,5.9613
2.3173,4.4755,5.5168
2.2521,3.3412,4.3659
9.019,5.2387,3.0082
14.38,5.7447,2.3742
23.245,5.6896,2.7451
0.37254,7.3588,3.8994
0.089789,6.252,5.2392
0.016901,7.2269,5.2922
0,6.9392,4.5856
0,5.768,2.2227
0.41866,5.5805,1.4745
3.55,7.1026,1.2693
0.055634,7.4292,1.1696
0,7.229,1.064
0,7.4012,0.9412
0,7.3083,0.84313
0,7.1894,0.75332
0,7.0842,0.67258
0,7.1702,0.60972
0,7.0279,0.5566
0,6.8058,0.51028
0.0052817,6.8837,0.47338
0,6.8123,0.43804
0.047535,6.0155,0.40716
0.17923,6.146,0.37788
0.29472,5.7784,0.35171
2.2824,6.0822,0.32992
0.033803,5.7622,0.31271
0,6.5797,0.3096
0.038028,6.6108,0.299
0,6.4455,0.28038
0,6.1987,0.26288
0.030634,5.5473,0.24646
4.3398,4.6511,0.233
5.5856,5.9798,0.2736
1.3778,6.2274,0.31237
5.6035,5.7363,0.31052
1.5835,5.5049,0.32394
1.9592,2.8339,0.32237
0.030986,5.6598,0.29964
0,5.8056,0.31151
0,5.8756,0.27962
0,5.8971,0.24067
0,5.9602,0.21541
0,6.0843,0.19959
0.01162,5.291,0.18892
6.25,4.9003,0.18378
0.20563,5.4068,0.19173
0,5.7879,0.19256
0,5.7337,0.18755
0,5.8098,0.17343
0,5.8372,0.1635
0.0014085,5.1805,0.1555
0.2581,5.4398,0.15009
0,5.7724,0.14441
0,5.7729,0.13873
0,5.5844,0.13299
0,5.5706,0.12843
0,5.3663,0.12325
0,4.9886,0.11579
0,5.4567,0.10942
0.0014085,5.4307,0.1054
0,5.6795,0.1033
0,5.4822,0.10139
0,5.2438,0.10088
0,5.4211,0.099884
0,5.4079,0.097072
0.056338,4.168,0.09488
0.099296,3.7013,0.09549
0,4.4971,0.09274
0,4.7705,0.08999
0,4.7861,0.086102
0,2.8866,0.084593
0,4.1645,0.083342
0,4.8892,0.0839
0.89824,4.2387,0.084365
0.025352,4.8411,0.085565
0,5.0669,0.086661
0,4.8351,0.08635
0,4.6898,0.084479
0,4.7463,0.081667
0,4.806,0.08055
0,4.8945,0.079527
0,4.9525,0.07962
0,4.8512,0.078131
0,4.964,0.078513
0,5.0469,0.077624
0,5.1821,0.076342
0,5.3484,0.075184
0,5.5653,0.074678
0,5.3926,0.074099
0,5.1166,0.072589
0,4.9443,0.071597
0,4.8934,0.070087
0,4.9603,0.06863
0.00070423,5.0481,0.067689
0,5.1049,0.067296
0,4.2678,0.066417
0,4.3008,0.0659
0,4.6134,0.06438
0,4.8528,0.063584
0,5.1022,0.063284
0,5.1605,0.063047
0,5.2874,0.062974
0,5.2017,0.063439
0,5.0464,0.062922
0,4.7357,0.062571
0,4.7913,0.062064
0,4.716,0.061051
0,4.7548,0.06011
0,4.8366,0.059211
0,5.1662,0.058229
0,5.3349,0.05919
0,5.567,0.059118
0,5.3158,0.05888
0,5.705,0.058746
0,5.7429,0.059035
0,6.0673,0.059552
0,5.8603,0.05889
0,4.9609,0.058704
0,5.4377,0.056947
0,5.5963,0.055148
0,5.4306,0.053793
0,5.3847,0.052232
0,5.2746,0.051798
0,5.0131,0.049947
0,5.0852,0.048479
0,5.3075,0.047269
0,5.4859,0.047724
0,5.5389,0.047538
0,5.5744,0.047683
0,5.2675,0.048045
0,5.1063,0.047869
0,5.2536,0.046825
0,5.3424,0.047032
0,5.2989,0.046432
0,5.4539,0.045233
0,5.6565,0.044819
0,5.8467,0.043847
0,5.9262,0.043702
0,5.9815,0.043465
0,5.8765,0.042824
0,5.804,0.042989
0,5.7876,0.041717
0,5.884,0.041314
0,6.0382,0.03937
0,5.729,0.040074
0,5.3556,0.037964
0,5.5128,0.037272
0,5.7744,0.037158
0,5.9582,0.036207
0,6.1358,0.035783
0,6.3243,0.036165
0,6.4679,0.035969
0,6.4083,0.035287
0,6.357,0.03479
0,6.3608,0.034273
0,6.7107,0.033043
0,6.8699,0.032991
0,7.0635,0.032123
0,6.8031,0.031565
0,7.0713,0.030438
0,6.9162,0.03019
0,6.7797,0.028401
0,6.8588,0.028628
0,6.9709,0.027243
0,6.9792,0.026095
0,6.7586,0.026095
0,6.7994,0.024989
0,6.8343,0.024689
0,6.8012,0.024338
0,6.9731,0.024017
0,6.9769,0.02379
0,7.1882,0.023583
0,6.9369,0.023242
0,6.9339,0.023035
0,7.0387,0.022559
0,7.1308,0.02197
0.00070423,7.251,0.021298
0,7.3269,0.02074
0.025704,7.3364,0.020802
0,7.1513,0.020698
0,7.1765,0.020337
0,7.4168,0.020109
0,7.5656,0.020347
0,7.666,0.01983
0,7.8022,0.019675
0,7.7917,0.019489
0,7.8838,0.01891
0.032394,8.066,0.018569
0,8.0304,0.01891
0,7.9886,0.018631
0,7.9714,0.018465
0,8.1843,0.018775
0,7.9563,0.018383
0.0070423,7.3237,0.018341
13.786,6.7425,0.01922
0.041901,7.2759,0.023697
0,7.7028,0.022332
0,7.8384,0.020595
0.075352,7.5538,0.020223
0,7.6306,0.019272
0.025704,7.7346,0.019313
0.0070423,7.9866,0.019592
0.02993,5.8308,0.018321
0.16162,8.0311,0.018331
0.003169,8.3195,0.017835
0,7.1326,0.017659
1.1032,7.5485,0.018031
0.021831,7.8904,0.017256
0,8.0991,0.017132
0,8.2525,0.017276
1.3933,7.6614,0.01709
0,7.5333,0.016615
0.01162,7.7375,0.017266
0.15176,8.2976,0.017535
0,8.2875,0.017483
0,8.2138,0.017297
0.0049296,8.0016,0.016935
0.53697,7.8456,0.016759
5.1683,8.1845,0.016573
0,8.1317,0.016263
0,7.84,0.016232
0.1331,7.7836,0.016211
0.013028,7.5401,0.01709
0.15246,8.4839,0.017152
0,8.2254,0.016439
0,8.7898,0.016677
0,8.4436,0.016294
0.026761,7.6358,0.016501
5.5289,6.8927,0.018796
2.3511,8.1528,0.019499
0.54437,7.8261,0.019954
0.8919,6.8285,0.022115
0.59577,7.1594,0.021753
0.1912,7.2428,0.019706
23.254,6.2575,0.020688
0.03662,7.7249,0.034397
0.0077465,8.5001,0.024865
0.44261,8.2441,0.021908
0.048239,7.9715,0.019561
0.36725,7.581,0.017845
0,7.4817,0.020161
0,7.3836,0.018734
0.14401,7.3831,0.016284
1.482,6.6548,0.029197
4.6634,7.1604,0.034501
6.6275,7.9153,0.0363
3.106,8.442,0.034708
0.14049,8.4613,0.033053
3.913,6.4573,0.030831
1.0183,7.9954,0.027667
1.957,8.8634,0.030034
0,8.3222,0.027408
5.7208,7.3836,0.027688
14.965,6.218,0.031596
2.532,5.4595,0.029693
14.002,6.9493,0.11355
13.699,7.9247,0.15805
0.16866,8.7997,0.094859
0.44648,8.6456,0.074057
0.022887,9.0075,0.056119
0.0038732,8.3058,0.045233
0.38169,9.1179,0.03754
0,8.7573,0.032051
0.2919,8.3274,0.02715
1.0669,6.6629,0.025609
3.9004,7.5223,0.027026
0.33028,8.1078,0.029631
0.076056,6.8055,0.031606
1.3912,8.0304,0.027853
0.5662,7.5627,0.026085
0.78521,5.2171,0.026871
6.3954,4.863,0.026716
7.682,6.7646,0.038492
1.6796,6.0731,0.044323
4.8954,7.2182,0.056461
0.046127,6.9558,0.05887
6.3479,5.8316,0.057846
3.5349,6.9694,0.054755
32.497,7.1235,0.25677
35.283,6.4502,0.58864
2.5282,8.4099,0.64766
2.9493,7.4582,0.34367
1.5581,6.9629,0.27614
6.2384,7.7788,0.17705
8.3373,8.4197,0.17238
8.793,8.4765,0.42318
1.2986,8.601,0.63031
0,8.6602,0.2574
0.04331,6.9578,0.16632
3.3489,7.5618,0.16871
12.844,7.4383,0.12591
14.739,8.1449,0.11064
0.94965,8.6083,0.1068
0.097887,8.0282,0.249
0.33345,7.8164,0.1577
0,7.9179,0.10042
0.10915,7.8068,0.089742
2.9866,8.0589,0.1123
0.057042,7.2374,0.098292
1.0165,5.8861,0.068712
11.213,7.5357,0.10711
1.7088,7.6544,0.19478
0.17289,7.9308,0.1169
21.282,6.4251,0.089845
25.483,5.4176,0.12411
4.5933,5.4389,1.9333
25.94,5.0507,1.0616
8.7842,6.6451,1.1936
4.906,6.2854,0.92692
0.52887,7.4558,0.58217
0.022535,7.2364,0.35387
0.34049,8.2756,0.2662
0.12993,7.653,0.20457
0.025,7.1884,0.16466
4.9616,7.5654,0.13229
16.306,7.4803,0.21864
3.3845,7.4119,0.30572
0.83592,8.1689,0.37969
0.062324,7.7278,0.20723
2.1782,8.0116,0.13809
0.34577,8.184,0.10557
0.11937,8.5067,0.092791
0,8.6338,0.090837
0,7.909,0.078286
0.52042,7.4328,0.067544
27.135,7.5092,0.064742
10.911,7.1164,0.19006
1.2933,6.6498,0.3152
13.081,6.9499,0.22868
11.637,4.65,0.21052
13.579,7.5887,0.60303
1.1535,7.5065,0.41688
4.4415,7.0488,0.36062
26.352,6.5569,0.45356
0.70387,6.9658,2.3344
11.905,6.0971,1.0616
9.4468,7.131,1.9652
13.165,5.5324,1.6186
10.245,5.6917,1.9395
9.807,5.4637,1.5906
21.832,6.2634,2.6708
3.2799,7.3535,3.2942
0.009507,7.0528,1.3532
5.0025,6.7862,1.0034
5.3778,7.2235,0.83679
1.0644,6.5306,0.73259
2.9035,6.2098,0.57739
3.0465,2.3946,0.52325
6.912,6.2094,0.44964
37.025,5.702,1.4872
2.2063,7.1397,2.871
0.21761,7.3623,1.8356
0.051761,7.24,1.5346
0.012324,6.9433,0.96442
1.038,5.7412,0.64391
9.0634,6.034,0.62582
9.806,6.4278,0.47824
1.8278,7.0699,0.42924
0.38486,7.5295,0.51611
6.8986,7.2769,0.55336
4.2187,7.3657,0.5416
6.8623,7.2155,0.40237
1.4046,7.4284,0.31076
0.075,7.5469,0.27049
0.00035211,7.1502,0.28639
2.3926,7.4141,0.23987
0.16021,7.6397,0.20229
0.18345,7.4662,0.17337
0.20775,6.4582,0.15112
0.48944,4.6921,0.13462
2.0306,5.536,0.11953
16.093,5.0357,0.11164
15.772,5.3362,0.11423
52.371,3.1982,0.42063
41.522,2.7362,4.8338
34.557,1.2739,5.384
73.631,2.3283,7.7902
24.45,3.6111,15.21
10.991,5.7016,16.269
1.5007,6.1392,10.322
0.069718,6.6246,6.288
0.3993,6.5096,3.4237
1.2725,5.8625,1.8369
0.0049296,6.3606,1.4921
1.3137,6.468,1.1685
1.4824,6.5348,0.9867
0.0021127,6.7234,0.86172
0,6.695,0.75525
0,6.6543,0.65045
0,6.4498,0.5675
0,6.2254,0.50353
0,6.5659,0.45633
0,6.6454,0.41739
0,6.6672,0.38131
0,6.8484,0.34423
0,6.7021,0.30762
0,6.7177,0.2763
0,6.8127,0.24979
0,6.7921,0.22753
0,6.6479,0.21025
0,6.5077,0.19548
0,6.4408,0.18233
0,6.3405,0.16946
0,6.2779,0.15338
0,6.2776,0.14253
0,6.0754,0.13471
0,6.1853,0.12818
0,6.1555,0.12141
0.030282,5.8981,0.11441
0,6.1718,0.10764
0.046127,5.9441,0.10278
0,5.9196,0.096389
0.0088028,6.092,0.092326
0,5.8376,0.089276
0,5.8289,0.083662
0,5.8273,0.078441
0.024296,5.7123,0.075071
0.45035,5.3376,0.073261
0.0024648,5.8976,0.070408
0.029225,5.594,0.069126
0,5.4074,0.066696
0,5.3497,0.065238
0,4.9039,0.063191
0.0091549,5.0608,0.062095
3.644,4.5501,0.061951
1.4535,4.9232,0.061909
0.077113,5.2368,0.060276
0,5.1872,0.059035
0.0010563,4.5934,0.057908
5.3799,4.3062,0.057836
3.9489,4.4607,0.058963
0,4.8589,0.057753
0,5.0728,0.063677
0,5.2034,0.061258
0,4.9692,0.056285
0,4.8461,0.054289
0,5.1823,0.053669
0,5.2993,0.052925
0.0014085,5.4706,0.053638
0,5.3095,0.054083
0,5.0341,0.052573
0,5.1039,0.051488
0,4.9066,0.049782
0,4.7139,0.04821
0,5.0036,0.048365
0,5.1158,0.045626
0,5.1063,0.044798
0,4.9809,0.043982
0,5.4218,0.043723
0,5.4435,0.043516
0,5.3307,0.042627
0,5.1441,0.04148
0,4.8423,0.040187
0,5.064,0.040125
0,5.2148,0.038244
0,5.1675,0.037685
0,4.3937,0.03722
0.0014085,3.3255,0.037334
0,4.3776,0.036124
0,4.4694,0.036176
0,4.9573,0.035545
0,5.161,0.033519
0,5.3217,0.033457
0,5.4194,0.033291
0.0080986,5.3443,0.033333
0,5.3513,0.03174
0,4.7551,0.031616
0,4.7103,0.03141
0,4.357,0.029497
0,4.64,0.028949
0,4.8077,0.028556
0,5.0549,0.029238
0,5.1703,0.029238
0,5.1012,0.028959
0,4.9265,0.029642
0,4.9849,0.029156
0,5.0439,0.028721
0,5.2324,0.028277
0,5.1778,0.027708
0,4.6742,0.026664
0,4.9105,0.025889
0,5.39,0.02685
0,5.3695,0.026312
0,5.351,0.026209
0,5.4373,0.026426
0,5.3966,0.025299
0,5.6091,0.025082
0,5.6126,0.025134
0,4.8627,0.024348
0.00070423,5.0572,0.024141
0,5.2106,0.024917
0,4.9686,0.023128
0,5.1529,0.02319
0,5.3325,0.02319
0.026056,5.5463,0.021629
0,5.6731,0.022787
0,5.3045,0.022342
0,5.7216,0.022342
0,5.5639,0.022642
0,5.5775,0.021815
0,5.7128,0.022053
0,5.57,0.021536
0,5.6721,0.021464
0,5.7814,0.020698
0,5.7392,0.020719
0,5.7793,0.020833
0,5.8442,0.019975
0,5.9464,0.020119
0,5.9461,0.020523
0,6.1352,0.020109
0,6.2035,0.020326
0,6.3021,0.019696
0,6.4115,0.019303
0,6.5491,0.018155
0,6.4083,0.017876
0,6.4856,0.017687
0,6.4363,0.017517
0,6.6661,0.017367
0,6.753,0.017235
0,6.7914,0.017121
0,6.0241,0.017025
0,6.1511,0.016945
0,6.1455,0.016511
0,6.2287,0.016635
0,6.4385,0.016542
0,6.5946,0.016584
0,6.6902,0.016242
0,6.8099,0.016656
0,6.7408,0.016315
0,7.0351,0.016656
0,6.9458,0.016615
0,6.5736,0.017266
0,6.4152,0.016759
0,5.8918,0.016511
0,6.2363,0.015891
0,6.1341,0.015932
0,6.4613,0.015694
0,6.6097,0.016604
0,6.6885,0.016294
0,6.6821,0.016615
0.033099,7.1363,0.016491
0.13028,7.3139,0.015912
0.013732,7.0706,0.016418
0,7.2562,0.016191
0,7.1303,0.015829
0.0017606,6.8204,0.015736
0.2338,6.4756,0.015663
0.51796,5.8299,0.015787
1.3827,6.9201,0.016149
0,7.5635,0.015715
0,6.7279,0.015994
0.07993,5.7083,0.016139
0.041197,7.6886,0.016408
0,7.8521,0.01557
0,7.8025,0.015581
0,7.8039,0.014919
0,7.5947,0.014805
0,7.289,0.014733
0,7.777,0.014712
0,7.8639,0.014588
0,8.0233,0.014423
0,8.1002,0.014071
0.0045775,6.93,0.014051
0.94683,8.0767,0.014464
0,8.1961,0.014754
0,7.9534,0.014454
0,7.5667,0.013854
0,7.2342,0.013916
0,7.7723,0.014102
0,8.2344,0.013937
0,8.2767,0.013968
0,8.2874,0.013895
0,8.3178,0.013637
0.046127,6.1245,0.013585
0.92993,5.7668,0.013844
0.22254,7.3936,0.014671
0.0010563,6.8321,0.014495
0,8.1267,0.01434
0.0028169,7.9276,0.014185
0,8.4237,0.013926
0.077113,8.0012,0.013782
0,7.9234,0.01311
0,6.4254,0.013265
0.0024648,7.5636,0.013523
0,7.8385,0.013389
0,8.525,0.013327
0.014437,7.7325,0.013285
0.067254,7.5591,0.013472
0,8.0055,0.01312
0,7.4177,0.012965
0,7.8208,0.013182
0.030634,8.5037,0.013079
0.030282,8.6555,0.012727
0.0073944,8.025,0.012996
0.030634,7.708,0.012634
0.87254,8.2365,0.012603
0.017958,8.5689,0.0128
0,8.6596,0.012655
0,8.4545,0.012169
0.00070423,8.5389,0.012407
0.046479,7.054,0.012303
3.4768,7.1653,0.013399
3.5472,7.895,0.013079
2.732,6.9035,0.013182
4.7183,7.0713,0.013492
1.4095,7.5183,0.014619
0,8.9039,0.014061
0.14296,7.1133,0.013565
6.2521,7.4082,0.014971
1.0489,6.8143,0.014764
12.19,5.3597,0.01404
10.983,7.2079,0.014257
10.46,6.0964,0.013906
9.9056,6.3968,0.017524
14.02,2.7903,0.022632
22.933,4.2589,0.024565
11.585,5.8318,0.030086
36.104,6.3013,0.12786
7.1243,7.0764,0.48025
7.568,7.212,1.3774
16.011,7.392,1.1952
12.924,7.4803,0.82542
4.8472,5.9208,0.98337
9.2313,5.2447,0.77969
3.0859,7.336,0.43999
14.857,5.97,0.64089
20.045,7.8751,1.0873
0.028873,8.6328,1.2755
0,8.2353,1.1908
0,7.8374,0.64725
0.0014085,8.1179,0.38674
0.022535,8.1047,0.26655
0,8.1838,0.19553
0.2493,5.0408,0.15184
2.4028,6.5171,0.12113
0.89049,7.637,0.10096
0.095775,7.6483,0.10634
0.85563,7.7344,0.1345
0,7.2052,0.13163
1.2194,7.7811,0.10243
2.1278,8.0913,0.082463
0,7.2135,0.070914
0.35458,7.4189,0.062953
0.46268,7.2661,0.06164
0.24049,6.1582,0.063036
4.1521,6.0403,0.062157
22.735,4.6074,0.064246
0.36761,6.7849,0.065538
0.21549,7.0486,0.14221
47.325,7.1831,0.35635
0.035211,8.3656,0.69899
0.50986,7.8562,1.3181
1.3387,8.2392,1.5801
0,8.1853,0.84686
0,7.5752,0.46566
7.9581,7.2277,0.34322
7.8053,6.5782,0.2882
3.7187,8.1208,0.21882
0.20669,8.5138,0.18302
0,8.7531,0.47162
0,8.1531,0.5845
6.5623,7.4247,0.3572
3.412,6.1412,0.25258
5.1799,4.5942,0.3226
4.5359,3.9395,0.31148
19.111,3.7324,0.27691
21.382,4.2402,0.42764
21.579,4.6096,0.81255
3.2831,4.5026,1.981
5.2599,5.0341,2.2705
2.2116,5.1542,2.171
10.097,5.5627,1.7324
2.693,6.3476,1.4588
27.956,5.8099,1.6331
17.689,6.1669,2.5793
15.219,5.0574,2.7172
18.257,6.5858,4.1961
13.35,5.6662,5.1214
13.606,6.583,4.7767
9.4669,6.6454,5.4189
16.56,5.1957,6.1233
1.6447,6.4609,5.7243
5.3525,4.6611,4.6567
47.252,2.8385,5.2694
33.552,4.788,11.658
12.312,5.4179,11.496
12.432,3.8128,10.411
10.913,5.5193,9.0942
4.0799,3.984,8.0221
4.0546,4.8051,6.6146
15.277,5.0541,5.3411
4.8613,7.14,4.8169
24.855,6.2128,3.9677
3.8574,4.6685,3.9108
9.6581,5.4476,3.0879
21.652,6.8922,2.846
2.6972,7.3613,4.1473
3.5676,6.6414,4.0288
1.5968,4.4003,3.3952
6.4901,4.3798,2.9554
6.1912,6.429,2.2143
3.6856,6.4816,2.226
0.7912,6.5955,2.0993
4.1092,7.6052,2.178
0,7.5812,2.2032
0,7.1843,1.6646
0,6.8784,1.2971
0.0073944,6.816,1.0571
0.17007,6.6586,0.90946
0.73803,5.5313,0.81735
13.63,6.0816,0.7916
7.1532,6.1974,1.0481
4.75,6.9236,1.2271
1.6303,7.0136,1.6816
8.1433,5.7699,1.1672
0.33944,6.7505,0.90091
3.9627,6.8125,0.91147
0.35845,6.7193,0.89639
0.24401,7.0718,0.79287
0.14613,7.1858,0.69848
0.0073944,7.2426,0.60271
0.081338,7.3706,0.51771
0,6.3407,0.45981
2.3151,6.8061,0.42743
0.27183,6.605,0.41669
0.18415,7.2492,0.38671
0.013028,7.5063,0.34909
0.59718,7.5032,0.30669
0.0035211,7.5908,0.27345
0,7.5631,0.23932
0.0014085,7.678,0.21381
0,7.6031,0.19646
0.0021127,7.291,0.181
0.21549,7.01,0.16839
0,6.9909,0.15644
0.55423,7.33,0.14732
0.018662,7.3014,0.13759
0,7.3507,0.1276
0,7.2747,0.11732
0,6.7994,0.11075
1.213,6.8434,0.10443
3.4387,6.8829,0.099739
0.20986,7.3256,0.10311
0.042254,7.2804,0.10332
0,7.2185,0.096689
0,6.8209,0.090414
0,7.1236,0.084034
0,6.4491,0.079609
0.0056338,6.484,0.075546
0.40246,5.4209,0.072806
2.9134,5.9268,0.075991
1.1746,6.4445,0.098261
0.10704,5.4729,0.083983
3.1658,6.6866,0.075763
0.054225,4.9688,0.074161
0.042958,5.307,0.071638
0.027465,6.6772,0.072765
0,6.8391,0.073447
0,5.9967,0.069157
0.70845,4.9101,0.066345
3.1789,5.6888,0.064277
1.9377,6.1005,0.06589
0.015845,6.2456,0.064525
0,6.1739,0.061889
0.0014085,5.8096,0.062364
0.082746,5.5083,0.065052
0,5.2774,0.075846
0.10176,5.5711,0.075401
0.5912,4.8135,0.070315
11.21,5.1384,0.068154
0.30563,6.1921,0.073809
0.0014085,6.693,0.072993
0,6.3984,0.07048
0,6.4086,0.06865
0,5.4274,0.069467
2.0514,4.6135,0.070935
0,5.7456,0.067296
0,5.821,0.064556
0,5.9576,0.062933
0,6.0265,0.060999
0,6.0825,0.059686
0,6.0951,0.056264
0,5.6357,0.054258
0,5.9203,0.051767
0,5.8552,0.049782
0,5.7594,0.048582
0.016901,5.522,0.046246
0.21056,5.5574,0.045657
0,5.5803,0.043754
1.518,5.5961,0.043537
0.15986,5.2668,0.042214
0,5.3629,0.040415
0,5.6467,0.040063
0,5.6557,0.038295
0,5.7144,0.037964
0,5.8501,0.037065
0,5.8113,0.035597
0,5.6231,0.03508
0,5.5411,0.034015
0,5.4268,0.033115
0,5.5871,0.032164
0,5.4125,0.031761
0,5.0038,0.030396
0,5.2295,0.029383
0,5.3319,0.028277
0,5.1897,0.028618
0,5.1784,0.027698
0,5.4532,0.027078
0,4.9482,0.025516
0.009507,4.9058,0.02533
0,4.9154,0.024886
0,5.012,0.0235
0,4.9803,0.023273
0,5.1019,0.022859
0,5.2452,0.022642
0,5.4157,0.022487
0,4.3976,0.022332
0,4.4564,0.022611
0,4.6531,0.022477
0,4.8598,0.022011
0,5.1531,0.022384
0.00035211,4.8779,0.021515
0,5.0732,0.021484
0,5.2938,0.021784
0,5.0288,0.020616
0,5.0314,0.020864
0,5.1159,0.021071
0,4.9857,0.020409
0,4.8695,0.020823
0,5.0801,0.02045
0,5.1404,0.020533
0,4.939,0.020326
0,4.6659,0.019799
0,4.7108,0.019055
0.0010563,4.7652,0.019344
0,4.7641,0.018879
0,5.0164,0.019013
0,5.1833,0.019251
0,5.0995,0.019706
0,5.0619,0.019737
0,5.2971,0.019727
0,5.2827,0.019489
0,5.2807,0.01922
0,5.0153,0.019272
0,5.1467,0.019334
0,5.3191,0.018682
0,5.2334,0.01921
0,5.4574,0.018517
0,5.4157,0.018579
0,5.339,0.01862
0,5.0838,0.018114
0,5.2003,0.017287
0,5.3603,0.017287
0,5.4577,0.017183
0,5.2894,0.01709
0,5.5203,0.017225
0,5.5302,0.016315
0,5.485,0.016687
0,5.5291,0.016511
0,5.2648,0.016635
0,5.4257,0.016025
0,5.4453,0.01648
0,5.6343,0.016087
0,5.8323,0.015705
0,5.7973,0.015994
0,5.344,0.015787
0,5.5374,0.01556
0,5.55,0.015601
0,5.1749,0.014981
0,5.6754,0.014898
0,5.7489,0.014764
0,5.8272,0.014516
0,5.8246,0.014743
0,5.6946,0.014423
0,5.7868,0.014175
0,5.729,0.014309
0,5.5528,0.014578
0,5.6586,0.014567
0,5.6378,0.013885
0,5.6954,0.014113
0,5.6769,0.013864
0,5.6976,0.01404
0,5.9098,0.013792
0,5.9684,0.01374
0,5.8321,0.014361
0,5.9354,0.013957
0,6.1615,0.014288
0,6.3394,0.014237
0,6.1423,0.013823
0,6.1951,0.013864
0,6.2301,0.013575
0,6.3104,0.013833
0,6.2893,0.013709
0,6.3986,0.013658
0,6.4852,0.013751
0,6.5852,0.013037
0,6.7942,0.013254
0,6.7367,0.013234
0,6.7422,0.012924
0,6.9193,0.012903
0,6.9483,0.013017
0,7.0546,0.012603
0,7.0386,0.012769
0,7.171,0.012851
0,7.1987,0.012841
0,7.2731,0.012934
0,7.0139,0.012789
0,7.1608,0.012479
0,7.1445,0.012128
0,7.1289,0.012014
0,7.0715,0.012221
0,7.2145,0.011993
0,7.2749,0.012345
0,7.4693,0.011952
0,7.5959,0.011879
0,7.6786,0.011621
0,7.1998,0.01159
0.023592,7.1668,0.01191
0,6.9507,0.011983
0.03838,7.2659,0.0122
0.0017606,7.3346,0.012179
0,7.3803,0.012055
0,7.4027,0.011972
0,7.3064,0.01219
0,7.0611,0.011755
0,7.5268,0.012065
0,7.5585,0.012148
0,7.619,0.011869
0.020423,7.6327,0.011817
0,7.7182,0.011993
0,7.4885,0.011848
0,7.8293,0.012169
0,7.7989,0.012438
0,7.6396,0.012396
0,7.5979,0.012272
0,7.8064,0.011569
0,8.078,0.0119
0,7.6861,0.012365
0.010915,7.1782,0.012582
1.5588,6.9383,0.01313
0.0066901,7.8774,0.013441
0,8.066,0.013089
0,8.226,0.012903
0,8.096,0.012128
0,8.1305,0.011652
0,7.9531,0.012024
0,8.0823,0.011549
0,8.1423,0.011724
0,8.1297,0.011476
0,8.0409,0.011879
0,8.1248,0.01159
0,8.0973,0.011497
0,8.3182,0.011269
0,8.323,0.011518
0,8.2602,0.011445
0,8.1659,0.011673
0,8.3708,0.011797
0,7.8622,0.011662
0,8.1276,0.011828
0.029577,7.7511,0.011786
23.905,6.7497,0.012179
1.5183,6.343,0.01341
0.9581,7.7291,0.014082
0.056338,8.3431,0.014464
0,8.1648,0.013854
0.011268,8.0139,0.013141
0.0010563,6.7419,0.012179
1.3352,7.9342,0.013461
0.077465,8.0499,0.012893
0,6.9514,0.012438
8.269,5.4316,0.012365
2.8901,7.8812,0.012758
0,8.1445,0.012469
0.020423,8.3262,0.012717
0,7.8965,0.012551
0.0042254,8.1578,0.011807
0,7.848,0.011724
0.66056,7.0541,0.011817
0.034507,7.6731,0.012024
0.027465,5.9288,0.011879
5.282,5.4295,0.012655
21.31,6.7391,0.016118
5.4426,6.8872,0.014712
9.3687,5.584,0.021257
0.082394,5.1488,0.080147
12.361,6.4869,0.089163
1.3901,4.967,0.078059
15.68,6.9918,0.11205
4.7933,5.6467,0.27988
5.3898,6.9758,0.071493
8.5194,6.6462,0.049751
4.9539,5.563,0.067379
1.2609,7.4954,0.10619
0.44401,7.2254,0.090569
0.0028169,7.1402,0.061847
0.75951,7.2524,0.047662
5.8616,6.3415,0.060482
1.6025,7.3275,0.20345
0.026408,7.7962,0.12388
0.2007,5.8789,0.087777
0.034155,8.1967,0.059966
0.24049,7.005,0.052428
0.62852,6.79,0.045212
3.6996,7.2718,0.037789
2.4574,6.8092,0.034015
17.828,7.0535,0.03967
6.8123,7.0812,0.057536
3.1884,6.9561,0.11188
19.754,6.8677,0.31629
17.231,7.3813,0.16907
11.417,5.5401,0.47082
17.86,5.6779,0.66988
4.8711,6.3828,0.68153
13.437,5.9517,0.5617
30.603,5.3143,0.94077
29.506,5.7913,1.4375
26.327,5.6431,3.8083
15.856,4.4746,5.5903
10.139,5.4151,4.3471
7.7222,5.0604,3.3049
4.9754,4.7456,2.0141
4.0173,4.3548,1.5158
9.7275,5.8888,1.1487
1.8894,6.3648,1.3535
3.6194,4.3284,1.2907
12.175,4.5886,0.99691
6.3725,4.103,1.1247
6.2968,6.2026,1.0557
1.4053,6.8293,1.2528
0.82113,5.4504,1.4007
23.056,3.5794,1.2593
24.926,3.4592,1.9527
20.065,4.7811,3.7126
2.8968,5.6208,6.0957
0.63275,6.9641,5.3487
11.589,6.063,4.4684
0.28732,6.412,2.3057
0,7.3143,1.387
0.3581,5.9407,1.209
11.354,6.4641,1.0055
2.2644,6.1679,1.0281
3.5986,6.4383,0.96934
16.721,7.148,0.93494
12.45,6.676,1.884
3.0718,6.6827,3.4981
0.075704,7.1254,2.8563
0.0059859,6.1309,1.508
11.437,7.2363,1.2515
0.045423,7.4547,1.2136
0.18768,7.9263,1.3848
0.015141,7.7058,0.97653
0.003169,8.074,0.74229
0,8.2258,0.58337
0,7.9621,0.46647
0,7.681,0.38863
0.090141,5.8776,0.32549
3.3405,4.9123,0.28439
5.6158,6.852,0.275
11.865,7.6542,0.25468
0.03838,8.2845,0.25071
0.1757,7.491,0.3453
0.21831,7.4003,0.27984
0.77394,7.1598,0.23039
1.5993,6.6415,0.19534
0.70387,7.0083,0.1697
0.12676,7.2529,0.1509
0.0056338,6.811,0.13993
5.0116,2.0676,0.12459
69.523,4.5807,0.18852
2.994,5.7851,1.8795
1.1655,6.8876,2.6515
0.53169,5.0973,1.5095
3.9236,5.411,0.94278
13.694,4.9125,1.0577
0.35915,6.8833,1.5005
1.7173,6.3106,1.109
1.0507,6.5411,0.85926
6.8757,5.2193,0.7181
5.3401,6.4961,0.83481
0.28908,6.926,0.8412
0.016549,7.3176,0.73072
0,6.9093,0.55406
13.441,7.1218,0.4462
0.11796,7.5013,0.5228
0,7.7757,0.60525
0,7.6946,0.48118
0.034859,7.7742,0.38356
0,7.7879,0.31768
0,7.7243,0.2606
0.0098592,7.7654,0.21893
0.087324,7.043,0.19
2.2067,7.2596,0.16773
0.0045775,7.3908,0.15236
0.025,7.1409,0.1412
0.79085,7.3496,0.13289
0,7.4553,0.11991
0.010211,7.6099,0.11006
1.4137,6.7929,0.10227
0.010915,5.0769,0.091303
7.3165,2.1997,0.087601
121.97,3.8305,0.087632
35.172,5.7414,1.6081
29.049,6.0611,8.3466
0.41056,7.1609,10.62
0.032042,6.9256,9.5486
0,6.9141,7.9106
0.0088028,7.0147,6.133
0.00070423,6.8491,2.6678
0,6.6727,1.2943
0.027465,6.7282,1.0712
0.21796,6.8752,0.92958
0.0070423,6.6111,0.81993
0.0021127,6.8367,0.71774
0.0091549,5.2563,0.63941
4.4292,6.0219,0.57723
0.055986,6.6133,0.66838
0,6.8309,0.85211
0,6.9007,0.67214
0,6.9241,0.52061
0,6.5857,0.43925
0,6.6308,0.38656
0.56373,6.2602,0.34523
0,5.9986,0.31331
0.0056338,6.3792,0.29568
0.0024648,6.3696,0.26498
0,6.4169,0.23776
0.025704,5.9051,0.21728
0,5.7287,0.19897
0,5.7942,0.18073
0,6.2486,0.16427
0,6.2453,0.14988
0,6.2832,0.1395
0,5.9284,0.12806
0,5.9773,0.11637
0,5.9374,0.10731
0,5.9695,0.098178
0,5.9452,0.091778
0,5.9984,0.086609
0,6.0129,0.082659
0,6.0618,0.078844
0,6.1198,0.075918
0,6.2816,0.072279
0,6.2991,0.069922
0,6.0284,0.067285
0,5.8018,0.064711
0,5.8046,0.062075
0,5.7972,0.059924
0,5.856,0.057164
0,5.8805,0.05491
0,5.8123,0.052728
0,5.2224,0.050929
0,4.9593,0.048169
0,5.2706,0.047176
0,5.6122,0.044333
0,5.6912,0.042989
0,5.8765,0.042203
0,5.7622,0.041273
0.051056,5.7573,0.04057
0,5.4537,0.039174
0.0042254,5.3643,0.038512
0,5.4465,0.037158
0,5.522,0.034656
0,5.5748,0.032712
0,5.5128,0.031854
0,5.4874,0.029983
0,5.1589,0.029414
0.16585,4.2355,0.028029
13.182,3.6407,0.029797
0.88521,4.8493,0.029848
0,5.3298,0.029455
0,5.3558,0.029083
0,5.4754,0.036848
0,5.256,0.055892
0.0024648,5.0713,0.051705
0,5.2333,0.044984
0,5.1964,0.03965
0,5.0792,0.034925
0,4.9386,0.031348
0,4.9546,0.029269
0,4.7529,0.027067
0.080282,4.0281,0.026747
0.15141,5.1735,0.025113
0,5.2852,0.024555
0,5.4318,0.024482
0,5.353,0.0235
0,5.2654,0.022663
0,5.0557,0.022632
0,5.0511,0.021267
0,5.0563,0.020316
0,5.2555,0.018962
0,5.4341,0.018889
0,5.1099,0.018548
0,4.8622,0.018062
0,4.8171,0.017524
0,4.8927,0.016708
0,5.0796,0.016377
0,5.1784,0.016129
0,5.2511,0.015829
0,4.4857,0.01618
0.0042254,5.1323,0.015798
0,5.0104,0.015136
0,5.0908,0.015105
0,5.1675,0.014692
0,4.9858,0.014278
0,5.0105,0.014536
0,5.1701,0.014185
0,5.2496,0.014299
0,5.2421,0.013358
0,5.4481,0.01341
0,5.3817,0.013565
0,4.6059,0.013544
0,4.7177,0.013275
0,4.9243,0.012882
0,4.8946,0.013068
0,4.7702,0.012934
0,4.7982,0.012644
0,4.9151,0.012355
0,5.0617,0.012882
0,5.4044,0.012034
0,5.631,0.011952
0,5.7654,0.012003
0,5.752,0.011962
0,5.7342,0.012148
0,5.8239,0.012096
0,5.2307,0.012241
0,5.2937,0.012179
0,5.529,0.011642
0,5.5642,0.011538
0,5.6141,0.011683
0,5.706,0.011362
0,5.7626,0.011197
0,5.8257,0.0116
0,5.5201,0.011135
0,5.3928,0.010783
0,5.4022,0.010783
0,5.5778,0.010732
0,5.7709,0.010794
0,5.8718,0.01069
0,5.9217,0.010721
0,6.1318,0.010618
0,6.1892,0.010752
0,5.9088,0.010608
0,5.8815,0.010391
0,5.8492,0.010504
0,5.8394,0.010215
0,5.9444,0.010132
0,5.8451,0.01006
0,5.9033,0.010235
0,6.0566,0.0099563
0,6.1176,0.0099977
0,6.0953,0.010039
0,6.3319,0.010122
0,6.5351,0.0099563
0,6.2758,0.009977
0,6.461,0.010018
0,6.4989,0.0099977
0,6.5591,0.01006
0,6.1816,0.0099874
0,6.5536,0.0099667
0,6.6342,0.0096358
0,6.5563,0.0094601
0,6.6754,0.0096152
0,6.8686,0.0095738
0,6.7445,0.0094911
0,6.8189,0.009398
0,6.9262,0.0095635
0,6.9091,0.0094808
0,6.7584,0.009243
0,6.8259,0.0094394
0,6.7577,0.0092119
0,6.7616,0.0092947
0,6.8188,0.009398
0,6.9403,0.009274
0,6.6733,0.0092636
0,6.8546,0.009367
0,6.7078,0.0095118
0,7.1059,0.009367
0,7.2263,0.0093257
0,7.3052,0.0092843
0,7.2171,0.0091292
0,7.2364,0.0090982
0,7.0482,0.0091706
0,7.0981,0.009977
0,6.5992,0.010432
0,7.1601,0.0090155
0,7.0952,0.0092016
0,7.1352,0.0091396
0,7.091,0.0090775
0,6.8741,0.0090052
0,6.8052,0.0089845
0,6.9888,0.0092016
0,7.0049,0.0092119
0,6.9733,0.0091809
0,7.371,0.0089948
0,6.5097,0.0092016
3.8239,5.6851,0.0088914
0.028169,7.292,0.009243
0.052817,7.0788,0.0094911
0.021479,7.302,0.0094704
0,7.6737,0.0094187
0,7.2083,0.0096462
0,7.4292,0.0093877
0,7.8151,0.0093567
0,7.536,0.009336
0,7.6361,0.0094704
0,7.7243,0.0091292
0,7.6566,0.0095118
0,7.5833,0.0090569
0,7.8104,0.0091499
0,7.9894,0.0091189
0,7.9876,0.0084159
0,8.0483,0.0083848
0,7.9157,0.0085503
0,7.8383,0.0082401
0,7.8795,0.0085916
0,7.6025,0.0085399
0,8.0089,0.0084675
0,7.865,0.0084365
0,7.9523,0.0084882
0,7.8411,0.0084779
16.49,6.9497,0.0088914
0.39472,7.3182,0.011362
0.47218,7.9681,0.011642
0.0017606,7.0893,0.010018
0.35282,6.6161,0.0095738
2.7658,6.9838,0.012686
0.37218,7.5434,0.010804
0.84577,6.6684,0.010422
7.1285,8.0912,0.010029
0.0056338,7.6515,0.012303
10.056,8.3122,0.011083
0.0059859,8.0981,0.010163
19.588,8.0694,0.009853
0.047183,8.2095,0.0095531
0.2169,7.3323,0.0095118
6.3884,7.2525,0.010814
0.79225,7.5631,0.0098013
0.038028,8.4075,0.0095841
0,8.6556,0.0094601
0,8.5489,0.0090052
0.079225,8.2447,0.0090879
0,8.353,0.0088604
0,8.4397,0.0087053
0,7.9671,0.0098219
0,7.976,0.0091603
0,7.8983,0.008602
0.80775,7.7008,0.008633
0.6831,7.713,0.0087157
1.8785,6.2748,0.0087053
2.3461,7.0333,0.0091189
5.5461,6.4131,0.011724
6.3704,6.8447,0.011766
6.6961,5.8139,0.011745
13.513,7.5135,0.033177
0.11761,6.9246,0.019882
7.1905,6.3529,0.013399
11.125,7.9595,0.063998
0.0066901,7.8023,0.14785
1.7437,6.6879,0.13787
17.316,7.0701,0.11905
2.3454,8.0089,0.14273
0.006338,7.6947,0.15267
0.25528,6.793,0.094291
41.461,5.8916,0.10584
3.4194,5.3135,0.21527
14.467,5.6703,0.44335
5.9011,4.6423,0.83326
26.055,6.6315,1.6203
1.8972,6.0832,1.3167
5.2514,6.4607,0.70979
4.844,6.2682,0.47867
9.4592,5.1181,0.43571
9.0982,4.7051,0.81955
14.964,4.4284,0.46286
16.969,4.8366,1.3786
9.0356,3.8565,2.582
29.352,2.1692,1.7943
40.519,2.9453,7.282
8.8655,4.692,8.6569
2.888,7.0753,3.8673
5.6461,7.4152,2.2541
0.048944,6.9963,2.0809
0.10493,7.3271,1.2511
0.00035211,7.8162,0.89514
0.030634,7.8484,0.66236
0.029225,8.0651,0.50311
0,7.729,0.39503
0,6.4478,0.31895
4.3158,6.1033,0.27047
3.3528,7.1042,0.25034
2.2856,7.7354,0.30778
0.031338,7.8905,0.25736
0,7.7687,0.34893
1.0944,6.7701,0.29548
16.863,7.2136,0.36446
2.669,6.9744,0.49554
0.025,7.3494,0.35198
0.033451,7.7509,0.47329
0,7.6019,0.82685
0.65563,7.1157,0.46119
0.76232,6.6048,0.30427
9.6197,6.5087,0.2727
4.587,6.4909,0.29135
7.8208,7.3856,0.32895
1.9496,7.3425,0.49895
13.069,6.8911,0.4876
19.712,6.8933,1.4478
0.027465,7.4935,2.2391
1.9173,5.8513,3.0393
5.044,6.7665,2.3825
38.29,6.47,2.0992
9.2722,5.7738,6.5941
32.288,4.5619,4.9867
16.162,5.7698,9.1568
7.4278,4.0841,6.9749
5.2447,5.6044,5.3835
9.5845,5.1873,4.9373
3.9165,7.1307,3.4056
1.8285,6.6073,2.9464
0.35599,7.705,2.6509
0.1007,7.7098,3.5368
0,7.2886,4.0702
1.7472,7.1072,2.5131
17.365,6.8532,1.18
0.59401,7.261,1.9196
0.0049296,7.6143,2.0507
0.00070423,7.4796,1.8808
1.1768,7.5813,1.1805
0.24754,7.581,0.91662
7.9549,6.9546,0.8441
0.17324,7.515,1.0242
0.21514,7.2903,0.95392
0.21197,7.9187,0.72999
0.00035211,8.0108,0.70383
0.0084507,7.8727,0.59935
0.8757,5.6421,0.48853
7.9736,6.6726,0.42457
8.7292,7.0172,0.55382
1.4028,7.2138,0.5513
0.11972,7.1449,0.66515
2.6792,7.6067,0.84667
0.046831,8.0259,0.59248
0,7.7439,0.45164
0.62746,7.6189,0.42182
2.0785,6.8026,0.32005
1.6937,6.5772,0.28335
11.415,6.1698,0.28458
0.75915,6.5575,0.46396
6.0838,6.4121,0.48866
3.2306,5.0113,0.6028
3.7085,6.2249,0.5182
13.72,5.409,0.50228
8.3046,5.0881,0.60017
22.882,7.0088,0.70543
3.8613,5.8476,0.83145
2.738,5.9034,1.3168
20.311,5.6993,1.2627
1.9511,5.1269,1.3273
14.804,5.7403,2.6912
5.7405,7.0679,3.5836
0.021127,6.945,2.9638
0.19437,6.8286,2.5893
1.4282,6.7954,1.5735
0.99401,7.1946,0.96289
0.009507,7.3945,0.76307
0,7.3693,0.60986
0,7.1141,0.50313
0.037324,7.158,0.4238
0.015845,6.9639,0.36267
0.60246,7.1917,0.31612
0.034859,7.0774,0.28278
0,7.1061,0.25443
0.13134,5.8648,0.2279
3.7975,6.6046,0.21667
0.016197,7.112,0.20905
0,6.9334,0.1879
0,6.9592,0.16843
0.060211,6.2396,0.15013
0.0056338,6.7065,0.13676
1.5423,6.8735,0.12403
0,6.8368,0.11305
0,6.7387,0.10305
0,6.7518,0.094983
0,6.8295,0.087343
0,6.7115,0.081946
0,6.6896,0.077252
0,6.6225,0.072941
0,6.704,0.06863
0,6.5905,0.065352
0,6.5194,0.062922
0.15704,6.3464,0.060534
0,6.4732,0.057846
0,6.6255,0.055654
0,6.7162,0.053245
0,6.4158,0.050754
0.019366,6.5012,0.047755
0,6.3652,0.04546
0,6.3998,0.043072
0,6.2453,0.041397
0,5.9059,0.03876
0,5.9714,0.037189
0,6.0283,0.037561
0.0017606,5.8153,0.035814
1.9954,5.9328,0.034584
0.1669,5.5807,0.033477
3.4827,5.3166,0.038119
0.083451,5.8598,0.039887
0.58908,6.0382,0.038492
0.06338,6.1468,0.035855
0.00035211,5.1154,0.034242
1.5782,5.2566,0.033074
0.021831,5.452,0.032113
20.159,4.5086,0.039567
6.8225,5.0643,0.048893
0.096479,5.5958,0.047662
0,5.7786,0.17822
0,5.8586,0.20716
0,5.6995,0.1648
0,5.8796,0.11291
0,5.8062,0.086423
0.003169,5.7642,0.073582
0.037324,5.697,0.065797
0,5.6905,0.060327
0.028169,5.7353,0.055572
0,5.7567,0.051157
0,5.7621,0.048034
0,5.7151,0.04608
0,5.5892,0.042886
0,5.8013,0.040704
0,5.6594,0.038595
0,5.6374,0.037003
0.023239,5.3019,0.035204
0,5.578,0.032981
0,5.5282,0.032392
0,5.3866,0.030045
0,5.2113,0.029063
0,5.6415,0.029466
0,5.681,0.028887
0.0045775,5.1298,0.027739
0,5.6552,0.025909
0,5.6916,0.025403
0,5.4917,0.024172
0,5.5478,0.023407
0,5.1925,0.023025
0,5.2088,0.022642
0,4.938,0.021784
0,4.9279,0.021277
0,4.8485,0.019882
0,4.4812,0.019075
0.022887,5.001,0.019137
0,5.389,0.019644
0,5.2642,0.018806
0,5.1064,0.018662
0,4.9622,0.018083
0,5.1218,0.017752
0,5.3419,0.017824
0,5.4391,0.017473
0,5.4862,0.016801
0,5.3841,0.017214
0,5.3735,0.016925
0,5.5442,0.016087
0,5.0788,0.015632
0,5.1519,0.015756
0,5.1395,0.015663
0,5.2049,0.015415
0,5.0281,0.015188
0,5.1006,0.014754
0,5.3285,0.014505
0,5.3265,0.014092
0,5.212,0.014185
0,5.0561,0.014009
0,5.2645,0.013513
0,5.478,0.013689
0,5.6462,0.013947
0,5.4348,0.013234
0.0042254,4.8665,0.013234
7.9335,2.6704,0.013141
0.0056338,4.0266,0.01402
0,4.7349,0.014123
0,4.7381,0.013916
0,5.0048,0.013916
0,5.1066,0.013792
0,5.256,0.013472
0,5.5283,0.013254
0,5.6351,0.014009
0,5.6839,0.014092
0,5.5518,0.01494
0,5.7083,0.014102
0,5.5971,0.013989
0,5.5543,0.014195
0,5.5239,0.01374
0,5.317,0.012779
0,5.4861,0.012872
0,5.6264,0.012603
0,5.7049,0.012624
0,5.8652,0.012159
0,5.8941,0.011848
0,5.0156,0.012117
0,5.0357,0.011766
0,5.2136,0.01219
0,5.392,0.011745
0,5.6348,0.011652
0,5.4626,0.011631
0,5.8694,0.011673
0,5.993,0.012034
0,6.1405,0.011652
0,5.9998,0.011218
0,6.1092,0.011569
0,5.9554,0.010804
0,5.9587,0.010742
0,6.1314,0.010701
0.0017606,6.1271,0.010411
0,5.9147,0.010246
0.04331,4.5481,0.010608
0.0066901,6.1722,0.010587
0,6.3135,0.010649
0,6.115,0.010639
0,5.8899,0.010267
0,6.2771,0.010453
0,6.3353,0.010442
0.0059859,5.8661,0.010711
0,6.0625,0.010184
0,6.2457,0.010608
0,6.4343,0.010163
0,6.4798,0.010267
0,6.7656,0.01037
0,6.5191,0.010039
0.34155,5.096,0.010173
0.4507,5.8283,0.010411
6.1102,5.3905,0.010597
0,6.7924,0.010639
0,6.9326,0.010184
0,7.0853,0.0099357
0,6.9378,0.0099047
0,6.7697,0.0099357
0,7.0537,0.0099253
0,7.0237,0.009243
0,7.151,0.0096462
0,6.7744,0.0094187
0,6.5446,0.0096255
2.806,6.1308,0.0094084
1.1342,6.3249,0.0094084
0.13732,6.3432,0.0099047
0.0024648,5.0923,0.0096048
64.432,3.0687,0.015777
13.687,6.3557,0.10627
1.4838,6.2786,0.12517
4.3842,6.744,0.77289
0.23662,7.1063,0.72249
0.0021127,5.9863,0.31018
0.042254,7.1428,0.17503
0,7.2462,0.11711
0,7.4488,0.086547
0,6.6771,0.069601
1.0282,7.1553,0.060369
0.51444,6.9343,0.052522
1.4405,6.6469,0.045894
10.493,6.914,0.048469
0.15106,6.4158,0.057174
0.10282,7.0114,0.05918
0.048592,7.2163,0.048655
0,7.5668,0.0482
0,7.6467,0.037882
0.0017606,7.699,0.032764
0,7.7136,0.047032
0,7.7288,0.042689
0,7.1647,0.037158
0,7.662,0.030644
0,7.6577,0.025103
0,7.5734,0.021732
0,7.74,0.019106
0,6.8985,0.017721
0.20563,7.356,0.015808
1.1806,7.1975,0.014619
0.56268,7.8484,0.014443
0,7.5498,0.014185
0.16761,7.7348,0.013751
2.6944,3.0816,0.013348
0.37606,7.129,0.013068
0.018662,7.5922,0.012396
0,7.8498,0.012458
0.56725,7.0383,0.011538
0.097887,7.7173,0.011445
0,7.6698,0.011135
0.011268,8.2368,0.011507
0.00035211,8.1323,0.011176
0,7.8218,0.010411
0.56021,6.0496,0.010142
1.6768,7.6883,0.010949
0.41338,8.4324,0.011766
0.015141,8.364,0.011621
0.014437,8.2653,0.012655
0.54683,7.6077,0.013844
0.0091549,8.187,0.011817
0,8.0242,0.01099
0.15704,7.967,0.0097909
0.00070423,7.8308,0.0095014
0.0021127,8.1287,0.0095014
0,8.323,0.0093877
0.003169,7.7153,0.0090879
12.083,6.1847,0.0087984
1.4141,8.1982,0.0091603
0,8.4394,0.0092119
0,8.2402,0.0097289
0.023592,8.1639,0.009398
0.0014085,7.8557,0.0089225
3.9563,6.6934,0.009305
1.612,6.6301,0.0091499
18.526,6.9672,0.010091
13.684,6.1855,0.1856
5.6342,7.2408,0.034966
0.11972,7.2407,0.016056
32.933,6.5086,0.020523
3.7243,8.0229,0.17022
0.41761,7.11,0.057236
11.015,8.3167,0.02808
0.52958,8.3277,0.24063
7.7961,7.7104,0.27093
20.514,7.604,0.37107
2.2655,8.286,0.20146
0,8.4883,0.42523
0,8.0344,0.5747
0.021831,7.623,0.34508
0.7243,8.2504,0.20836
0,8.6171,0.12696
0,8.2253,0.098075
0,7.9868,0.074492
6.3736,7.1121,0.060555
19.701,8.104,0.053111
4.2504,8.026,0.0485
17.051,7.1971,0.5156
0.93627,6.8355,1.0561
7.6937,7.7788,0.32333
38.278,5.8603,0.26409
6.2722,6.9353,0.47804
13.197,6.112,1.1223
16.229,4.8057,1.7519
4.9901,3.9155,1.9701
4.0838,5.6564,1.6921
5.7454,7.2214,1.1972
2.3884,7.395,0.83839
0.81514,6.8441,0.80882
15.789,5.8088,0.6602
15.043,6.0327,1.1917
17.72,5.6324,1.3717
2.2817,5.9832,1.4325
1.731,3.7183,1.3106
19.223,4.88,1.8614
28.801,3.7659,1.8034
21.599,5.2877,4.4001
5.5092,5.9735,3.7843
1.8637,6.8905,2.3257
4.4944,7.0167,1.5553
1.0077,6.835,1.1441
0.18415,5.3073,0.8908
0.24542,4.8134,0.71104
12.424,6.596,0.66489
9.1134,5.3019,0.78659
10.001,7.1831,1.1228
0.78415,7.4328,1.1398
0.25317,5.4035,0.96516
4.5613,7.4032,0.71233
0.24683,7.106,0.58009
0.52676,2.6735,0.43446
28.23,7.0564,0.91628
2.518,6.6916,1.2749
10.302,6.4448,1.3965
17.53,5.8531,1.7697
25.829,6.2741,1.4109
47.509,5.5019,1.7467
23.252,4.3136,3.2353
59.574,5.5492,6.5303
10.897,6.5589,10.552
3.2923,7.6245,10.94
9.65,6.4036,8.7027
9.3261,7.5818,6.4892
1.6989,7.7996,3.8467
1.1271,7.5366,2.6668
0.21831,7.5366,2.1468
7.5261,6.9395,1.6559
0.82394,6.7128,1.7322
18.414,5.6248,1.8215
31.874,6.0599,2.6206
21.539,4.5093,4.3939
17.339,4.3,7.8927
4.2623,5.397,9.0273
34.014,4.5684,9.1539
15.298,4.5213,9.0721
24.605,5.3521,10.226
53.176,4.9413,9.8233
2.3278,5.7282,13.197
21.714,4.8473,14.952
6.5637,7.1697,15.104
0.23732,7.1642,11.717
0.041901,6.7517,7.7788
25.449,7.2373,4.9701
9.932,7.5707,5.0002
32.724,6.2041,5.6043
17.427,7.2557,5.8199
0.23451,7.8904,6.9971
0,8.0306,6.2178
0,7.9552,5.1712
8.6496,5.7824,3.2538
6.4535,7.2936,2.2435
6.8697,7.5866,2.9406
0.22535,7.46,3.4883
0.38592,7.4193,3.2719
0.40423,7.5933,1.9977
0.56761,7.1273,1.4949
0.051408,7.4414,1.2806
0.27606,6.3349,1.1329
9.4725,4.3316,1.0257
5.2254,5.1293,1.0215
3.1092,6.4662,1.0542
2.8651,5.7533,1.0425
11.39,5.9049,1.2318
2.7004,7.0379,1.4637
1.15,6.0248,1.3468
23.542,6.6109,1.9217
12.837,7.2086,2.3267
13.998,7.3098,2.6775
1.4257,7.2634,3.4736
0.74437,6.9611,2.2788
0.8743,7.1127,1.938
0.74859,6.6756,1.4466
13.106,5.7858,1.1019
29.812,5.8434,1.6618
2.7363,5.7348,2.4972
16.876,6.1438,3.0288
5.1585,5.6954,3.8172
3.9641,6.4945,3.8594
1.5352,5.7845,2.8582
11.17,6.6298,2.1325
0.95951,6.761,2.3867
3.3852,6.4515,2.1988
1.6658,6.7062,1.7857
12.732,6.8077,1.4552
0.42394,5.6511,1.3958
0.31655,6.8032,1.6384
0,6.7557,1.5734
0,6.6542,1.1739
0.00070423,6.827,0.95926
0,6.7252,0.83317
0.056338,6.7371,0.73851
0.10423,6.6229,0.66202
0,6.5294,0.5955
0.003169,5.5856,0.53916
0.98838,4.793,0.4933
2.5246,1.606,0.45854
9.7803,4.458,0.44762
6.2514,5.3457,0.52234
19.004,6.3172,0.71212
0.038732,6.6374,1.1004
0,5.8603,1.194
0.19401,6.3172,1.6324
0.00035211,6.3984,1.045
0,5.8892,0.6567
0.35423,6.2251,0.54471
0,6.2311,0.4874
0,6.2284,0.42734
0,6.2306,0.38484
0,6.0787,0.3514
0,5.9691,0.31977
0,5.7073,0.29412
0.083451,4.5007,0.27274
0,5.5505,0.25507
0,5.612,0.2373
0,5.873,0.22506
0,5.9845,0.21125
0,6.0097,0.20196
0,5.4259,0.19533
0,5.7313,0.18577
0,5.7731,0.17538
0,5.7272,0.16897
0.0045775,5.7152,0.16121
0,5.7842,0.1536
0,5.6126,0.14689
0,5.5659,0.1385
0,5.5247,0.13226
0,5.6718,0.124
0,5.4586,0.11881
0,5.4571,0.11338
0,5.6732,0.10969
0,5.5795,0.10526
0,5.5578,0.10415
0,5.8305,0.10162
0,5.8308,0.10117
0,5.6775,0.098374
0.049296,4.6041,0.095325
0.17465,5.3616,0.093071
0,5.5205,0.091458
0,5.4988,0.089266
0,5.3935,0.086578
0,5.4256,0.083476
0,5.3801,0.077635
0,5.1057,0.073851
0,5.293,0.070284
0,5.1072,0.067037
0,4.7642,0.064618
0,4.5604,0.062064
0,4.8457,0.060431
0,4.9398,0.05797
0,4.8995,0.056957
0,5.0072,0.054889
0,4.9949,0.053566
0,4.7356,0.053101
0,4.6498,0.053173
0,4.165,0.052304
0,4.3079,0.051498
0,4.6041,0.050723
0,4.5454,0.049885
0,4.7347,0.048365
0,4.9454,0.048727
0,4.9536,0.047776
0,5.1312,0.048427
0,5.1395,0.048955
0,5.0557,0.048324
0,5.1956,0.048624
0,5.1467,0.048603
0,5.0704,0.047962
0,5.1555,0.047135
0,5.069,0.045791
0,5.1085,0.045667
0,5.0791,0.045202
0,4.9677,0.04394
0,5.16,0.042658
0,5.0217,0.042482
0,4.8712,0.0412
0,4.6272,0.03998
0,4.882,0.040011
0,4.9512,0.038192
0,4.9436,0.039619
0.035563,5.4113,0.039639
0,5.4079,0.038047
0,5.4411,0.037344
0,5.4017,0.036827
0,5.5381,0.036879
0,5.348,0.036217
0,5.3447,0.034635
0,5.2884,0.033829
0,5.3759,0.033653
0,5.5113,0.031689
0,5.3484,0.030386
0,5.3017,0.027987
0,5.267,0.02775
0,5.384,0.02745
0,5.5188,0.02655
0,5.498,0.02593
0,5.3675,0.025909
0,5.3896,0.024989
0,5.3164,0.024172
0,5.4937,0.022911
0,5.635,0.022859
0,5.7202,0.022105
0,5.5721,0.021443
0,5.5085,0.021009
0,5.4587,0.020109
0,5.5072,0.020326
0,5.4415,0.02015
0,5.6402,0.019964
0,5.5968,0.020026
0,5.721,0.019478
0,5.5632,0.019365
0.015141,5.7538,0.018868
0,5.8162,0.018682
0,5.8714,0.018434
0,5.9371,0.018165
0,5.8885,0.017928
0,5.8533,0.017979
0,6.0701,0.017421
0,5.8631,0.017038
0,5.9843,0.016542
0,6.0953,0.016542
0,6.0435,0.015901
0,6.2034,0.015343
0,6.3385,0.015725
0,6.5647,0.01526
0,6.5355,0.014991
0,6.4877,0.01434
0,6.2907,0.014392
0,6.4082,0.013771
0,6.4594,0.013647
0,6.4626,0.013492
0,6.5298,0.013575
0,6.2651,0.013141
0,6.1924,0.012644
0,6.2531,0.012613
0,6.0314,0.012221
0,6.2305,0.012469
0,6.1548,0.012396
0,6.3545,0.012314
0,6.4558,0.012076
0,6.7706,0.012128
0,6.8475,0.012231
0,6.872,0.012117
0,6.7442,0.011931
0,6.695,0.011869
0,6.685,0.011507
0,6.557,0.011187
0,6.6696,0.011321
0,6.7087,0.011094
0,6.8873,0.011104
0,7.0445,0.011228
0,7.1658,0.01128
0,6.6793,0.011404
0,6.9117,0.011631
0,7.0257,0.011166
0,6.9513,0.011166
0,7.063,0.011052
0,7.1731,0.01068
0.00035211,7.1412,0.011311
0.0021127,7.1228,0.011125
0,7.4493,0.010939
0,7.4008,0.010939
0,7.3876,0.010835
0,6.9388,0.010732
0,7.2736,0.010649
0,7.5099,0.010866
0,7.5717,0.010814
0,6.757,0.01067
0,6.6082,0.010535
0.029577,6.4937,0.010422
2.581,6.1382,0.010804
0.021127,7.9093,0.011166
0,7.8815,0.011342
0,7.4085,0.011032
0,7.0677,0.010814
0,7.3807,0.010484
1.6641,7.3287,0.010215
0.3507,8.0538,0.010329
0,7.7729,0.010711
0,7.845,0.010401
0,8.0551,0.010184
0,7.8699,0.010173
0.0010563,7.7683,0.010101
0.41408,6.7797,0.010235
0.73908,7.7809,0.010173
0.048592,7.1524,0.0099563
0.027465,6.7333,0.010008
0.38627,7.5319,0.010256
0.029225,7.3609,0.010349
0,6.6482,0.010442
0.98803,6.8748,0.0098633
0.011268,8.0796,0.01008
0,8.2376,0.009946
0,8.2426,0.010173
0,7.9679,0.0096875
0,7.4245,0.0098736
0,7.9837,0.0096772
0.10106,7.2421,0.0098116
6.6345,7.5723,0.01036
0.67782,8.0228,0.010618
0.95317,7.3945,0.010484
0.4088,8.1754,0.010877
0,8.089,0.010608
0.0028169,8.1017,0.01038
0.023944,8.0056,0.010401
0.023239,7.1229,0.010432
4.6504,6.8619,0.010473
3.1606,7.0899,0.010535
0.47958,8.2367,0.010618
0.625,7.6012,0.010556
3.7669,6.7404,0.011114
18.946,6.9987,0.013627
1.8785,6.1685,0.062147
6.1901,5.4035,0.021846
10.897,7.0921,0.038161
1.337,6.7738,0.031472
12.025,6.9713,0.057143
3.2496,7.659,0.60512
0.66408,7.3619,0.11777
1.1363,7.5026,0.065487
0.30141,6.7078,0.055923
8.3496,5.8193,0.038254
25.762,7.2414,0.10079
0.15,7.7489,0.16883
0.23063,7.9885,0.075546
0.16796,6.5856,0.051632
73.737,6.2512,0.075474
2.2271,7.9444,0.59908
0.18873,8.2892,0.26469
0,8.0479,0.24952
0,7.5518,0.13449
22.763,6.6876,0.09335
20.463,5.0998,0.55808
0.29225,8.1183,1.1361
0,8.2778,0.36638
0,8.3606,0.21619
0,8.2909,0.166
0,7.902,0.11577
0.097887,7.8786,0.086847
0,8.2246,0.072837
0,7.4469,0.062147
0.25317,8.0058,0.053752
2.2521,7.7103,0.046153
13.872,8.0992,0.039505
9.9954,6.9167,0.036486
2.6778,7.5955,0.88596
37.797,7.367,0.60123
0.75176,7.9091,3.117
1.488,7.6504,0.93312
2.2296,7.7278,0.45799
4.8634,7.6554,0.28458
7.4919,7.8564,0.26196
2.4852,7.6008,0.2356
25.926,7.2398,0.8501
3.1144,6.4273,1.4106
3.7574,6.5772,0.94986
0.81056,8.18,0.62501
0.125,7.8755,0.42127
2.6338,7.3545,0.30176
3.0437,8.1798,0.23853
0.021479,8.0153,0.20012
2.612,6.9363,0.16454
2.5736,7.684,0.13249
24.204,6.8488,0.19867
0.36338,4.3242,0.42122
23.438,7.4659,0.41567
16.449,6.802,0.61646
24.847,6.1051,1.3106
9.9292,6.8867,2.4583
14.187,7.5348,1.912
35.209,6.6745,2.0461
29.98,7.1143,4.1929
14.47,7.4815,5.1966
8.0507,8.0782,4.7199
0.21338,7.949,4.0715
0.18732,6.962,2.5973
1.9092,7.3719,1.5212
8.9067,6.4256,1.3373
6.5127,5.8856,1.3406
14.338,6.0063,2.0263
13.192,6.0642,3.9354
20.067,4.953,3.2737
47.68,4.7195,3.8961
14.298,6.4111,10.504
4.1165,5.2438,8.847
6.8299,4.5758,8.1823
18.934,4.1694,6.6068
14.398,3.3025,6.2792
9.044,4.5445,6.3975
33.094,2.2213,6.4904
23.269,3.3157,7.8836
5.4454,7.0539,11.983
1.6599,7.4424,11.148
0.15458,7.5773,8.218
0.32782,7.6309,5.672
0.28521,5.8765,2.9373
3.6162,5.3597,2.1586
15.943,6.7693,1.8945
3.6982,6.8165,2.6631
3.4236,6.356,4.0082
5.5996,7.5768,4.7633
0.6257,6.8543,5.259
0.12289,7.0948,4.6562
0.41725,7.3196,2.8585
0.43486,4.5116,2.754
28.162,5.5587,2.8993
8.3155,4.6368,2.3718
23.856,5.7851,3.755
17.936,5.9773,6.3328
7.937,6.544,7.781
5.1482,6.7761,7.5042
29.907,7.2729,6.1028
1.6085,7.6992,5.7248
0.14824,7.3128,4.4141
0,6.7062,2.5841
16.63,5.1061,1.8978
0.62852,6.5164,1.903
3.368,6.4947,2.6204
3.1204,6.4242,2.8331
8.4919,7.4747,2.2788
0.66021,7.4778,2.1722
16.311,7.0196,2.1734
0.096479,5.9656,2.2827
8.318,6.5196,2.5046
12.133,6.2359,2.7458
14.697,7.664,2.1321
0.035563,7.7466,2.6522
0,7.3493,3.0537
0.016901,7.5566,3.0089
0.017254,7.1379,1.941
1.713,6.5982,1.2204
3.938,5.4045,1.0144
3.1437,6.853,1.0748
0.10775,6.7457,1.2499
0.050704,7.2266,1.103
0.023239,6.3007,0.88657
18.179,5.1137,0.73131
2.3046,7.0402,0.64737
0.32606,6.2428,0.7473
0.9331,6.9948,1.0968
0.046127,6.075,1.1168
0.013732,5.9068,0.72822
0.075352,6.5002,0.6142
0.20528,6.4679,0.56083
0.0091549,7.127,0.5022
0,6.6053,0.46054
0.91056,7.2917,0.40872
1.9338,6.9755,0.36334
0.0070423,6.4272,0.33298
5.2496,6.6318,0.32876
0.54542,7.1815,0.31331
0.027817,7.3054,0.3336
0,7.0823,0.35105
0,6.9338,0.28473
0,6.9961,0.24407
0.0010563,6.1319,0.21578
1.4303,6.8739,0.19773
0.026056,6.7663,0.1872
0,6.9495,0.18081
0,6.7236,0.17618
0,6.5694,0.16341
0.054225,6.5465,0.15417
0.14965,6.6332,0.14631
0,6.5941,0.13859
0.38169,6.5961,0.13165
0,6.7921,0.12485
0,6.7909,0.11671
0,6.466,0.10784
0,6.3335,0.10067
0.17852,6.4037,0.09548
0.9507,6.5442,0.090631
0,6.5211,0.087157
0,6.5147,0.083435
0,6.3046,0.080488
0,6.1727,0.077852
0,6.2287,0.075329
0,6.254,0.074885
0,5.9668,0.072724
0,6.2926,0.069818
0,5.9774,0.067337
0,5.9651,0.066076
0,5.9335,0.063956
0,6.09,0.063243
0,6.1494,0.062137
0,6.2098,0.061713
0,5.8151,0.060214
0,5.9052,0.058911
0,5.8661,0.057205
0,5.9535,0.055416
0,5.9451,0.054476
0,5.9446,0.053514
0,5.7463,0.052542
0,5.1576,0.051177
0,5.3006,0.048789
0,5.2201,0.047941
0,5.2729,0.046628
0,5.1994,0.045853
0,5.1098,0.04424
0,5.2534,0.043527
0,5.2352,0.042131
0,5.3833,0.042141
0,5.458,0.042017
0,5.1883,0.042079
0,5.31,0.04089
0,5.4525,0.040839
0,5.519,0.040239
0,5.5512,0.040746
0,5.4656,0.040187
0,5.3911,0.040115
0,5.3879,0.039464
0,5.3255,0.03874
0,5.2602,0.03782
0,5.0928,0.036703
0,5.0941,0.036589
0,5.0805,0.035793
0,4.9541,0.034242
0,4.8881,0.033343
0,5.0207,0.033002
0,5.0827,0.032557
0,5.084,0.032991
0,5.1261,0.033074
0,5.3324,0.033715
0,5.4288,0.033498
0,5.5906,0.032867
0,5.4353,0.034098
0,5.2074,0.033643
0,4.6377,0.033539
0,4.9915,0.033818
0,4.8213,0.031999
0,4.8666,0.031658
0,5.0627,0.030769
0,5.2827,0.030231
0,5.0308,0.029331
0,4.9948,0.028442
0,4.9345,0.027429
0,5.0708,0.026695
0,5.0638,0.026984
0,5.0126,0.026716
0,4.9251,0.026126
0,5.0129,0.027016
0,4.9336,0.026095
0,4.8523,0.026033
0,4.9136,0.025661
0,5.3321,0.024524
0,5.2737,0.024917
0,5.2901,0.024296
0,5.3171,0.023325
0,5.3645,0.023418
0,5.109,0.022828
0,4.8383,0.022684
0,4.9677,0.022084
0,4.9829,0.020709
0,4.946,0.02076
0,5.0015,0.020264
0,5.1608,0.020026
0,5.2387,0.020388
0,5.3559,0.020119
0,5.2388,0.020254
0,5.4287,0.020068
0,5.5812,0.02015
0,5.5229,0.019592
0.00035211,5.4692,0.019189
0,5.3442,0.018755
0,5.2958,0.018962
0,5.4322,0.017804
0,5.5905,0.018403
0,5.7152,0.018041
0,5.7851,0.018
0,5.5886,0.017876
0,5.4743,0.017824
0,5.3746,0.017452
0,5.2826,0.017866
0,5.6293,0.017793
0,5.6509,0.017752
0,5.397,0.017431
0,5.4594,0.017369
0,5.8249,0.017307
0,5.4829,0.017421
0,5.718,0.018093
0.031338,5.7701,0.01738
0,5.6694,0.016987
0,5.7311,0.016656
0,6.0276,0.015591
0,5.9984,0.016149
0.067958,5.0622,0.016646
0,5.3863,0.016397
0,5.651,0.016635
0,5.7921,0.016739
0,5.9317,0.016273
0,6.0204,0.016615
0,6.0926,0.016284
0,6.1289,0.016335
0,5.7216,0.016325
0,5.9412,0.016904
0,5.9795,0.016015
0,6.1011,0.015343
0,6.2529,0.015581
0,6.4009,0.015322
0,6.0653,0.014578
0,5.7655,0.013906
0,6.38,0.014226
0,6.5129,0.014009
0,6.4165,0.013678
0,6.4525,0.013606
0,6.4419,0.013389
0,6.842,0.013947
0,7.0687,0.013999
0,6.8265,0.013678
0,6.8881,0.013234
0.02993,6.9331,0.013058
0,6.9529,0.012913
0,7.0372,0.013389
0,6.8856,0.013544
0,6.8602,0.013389
0,6.8365,0.01313
0,6.8715,0.013275
0,6.9523,0.013172
0,6.9799,0.012955
0,7.1293,0.013151
0,7.0435,0.013234
0,7.156,0.012862
0,7.2614,0.012634
0,7.3563,0.012448
0,7.1377,0.012479
0,7.0641,0.012893
0,7.1743,0.01251
0,7.2401,0.012541
0,6.8697,0.012427
0,6.8989,0.0125
0,7.083,0.012489
0,6.7782,0.012582
0,7.317,0.012427
0,7.2215,0.012231
0,7.3405,0.012324
0,7.426,0.012283
0,6.9323,0.01221
0,7.6674,0.011776
0,7.7539,0.011538
0,7.5063,0.011714
0,7.9303,0.012034
0,7.9351,0.012107
0,8.1338,0.011642
0,7.9631,0.012117
0,7.874,0.013089
0,7.6275,0.012231
0,7.6976,0.01158
0,7.6018,0.011559
0.019366,7.7472,0.011445
0.22958,6.7217,0.011652
0.99718,6.9333,0.011941
23.263,5.9092,0.01191
2.0479,7.2712,0.013048
0.058099,7.9154,0.013223
0.0059859,8.2811,0.013399
0,7.7402,0.012872
0,7.776,0.012479
14.172,6.4118,0.012345
0.064437,8.1911,0.011869
0.053521,8.2328,0.012065
0,8.3348,0.011848
0,8.4076,0.012262
0,7.8081,0.012159
0,7.6618,0.011724
0.10246,8.4602,0.011652
2.3771,8.1344,0.011383
0.48979,7.5948,0.011497
0.020775,8.4181,0.011476
0.2757,7.5724,0.011693
0.37676,7.8843,0.011941
0.056338,7.1251,0.01191
0.9162,7.8833,0.011972
0.20599,8.1138,0.011683
0,7.4146,0.012169
0.073239,7.2172,0.012096
0.45423,7.2087,0.011662
2.1968,5.9106,0.011683
0.35986,5.9522,0.011445
5.7641,6.1699,0.01158
1.7433,5.9229,0.012758
6.3546,6.2266,0.012862
11.21,6.837,0.013699
12.9,6.0939,0.014278
22.347,5.6008,0.02623
2.8511,5.87,0.066727
1.4324,6.3327,0.048872
0.15246,6.4064,0.054569
0.32535,6.3775,0.039153
39.655,4.4431,0.030148
0.60106,5.9606,0.03204
0.6838,7.1816,0.095614
0.0070423,6.1159,0.091106
0.25669,7.0653,0.074543
14.473,6.8352,0.064339
38.653,7.1328,0.057546
1.3711,7.0549,0.25183
0.53239,7.2666,0.60286
0,7.6321,0.36705
0,6.9656,0.20825
0.77324,6.935,0.12982
16.116,7.3313,0.10692
2.2049,7.5965,0.089504
0.31056,7.6344,0.088842
6.8437,6.4765,0.10584
2.0796,7.0012,0.10247
0.54965,7.3734,0.091385
3.5743,7.373,0.071866
1.4775,5.8827,0.062261
18.885,6.9632,0.062726
1.9599,6.6597,0.077459
0.88275,6.2995,0.10019
0.095423,7.318,0.089111
1.8243,6.2647,0.10172
0.70035,7.1852,0.14881
6.1754,6.7501,0.12222
0.0066901,5.66,0.11343
11.591,6.5202,0.096638
5.6412,7.0722,0.11016
0.94261,6.7304,0.096234
0.46197,7.1903,0.10858
0.41866,7.6231,0.14382
1.2352,5.8283,0.1163
9.0951,7.1633,0.10051
8.1592,6.334,0.077511
2.0673,7.1444,0.072889
1.0588,6.817,0.067627
7.2511,3.7056,0.069777
